{
   "font":
   {
      "default":"./resource/DroidSans.ttf",
      "DroidSans":"./resource/DroidSans.ttf",
      "default_mono":"./resource/DroidSans.ttf"
   },
   "translate":
   {
      "Contact EMV":"Contacto EMV",
      "PLS TRY AGAIN":"FAVOR INTENTARLO DE NUEVO",
      "PLEASE INSERT CARD":"POR FAVOR INSERTE LA TARJETA",
      "PLEASE ENTER PIN":"INTRODUCE PIN",
      "LAST ENTER PIN":"ÚLTIMO INGRESAR PIN",
      "PIN ERROR, RETRY":"ERROR DE PIN, REINTENTAR",
      "PIN VERIFY OK":"PIN VERIFICAR OK",
      "PROCESSING...":"PROCESAMIENTO DE...",
      "PLS DO NOT REMOVE CARD!":"PLS NO QUITE LA TARJETA!",
      "PLEASE REMOVE CARD":"POR FAVOR, RETIRE LA TARJETA",
      "Do you choose to enter PIN ?":"¿Desea ingresar PIN?",
      "Select":"Seleccione",
      "MasterCard":"MasterCard",
      "Maestro":"Maestro",
      "Cancel":"Cancelar"
   }
}
