{"SYS.STR.PANTOKEN":"","SYS.STR.TRANSACTION":"","SYS.STR.LCDBRIGHTNESS":"","SYS.STR.RFLEDSWITCH":"0000","SYS.BOOL.RFLOGOSWITCH":"False","SYS.STR.VOLUME":"","SYS.STR.SIGBMP":"","SYS.STR.SIGPOINTS":"","SYS.STR.MSRTRACK":"","SYS.STR.PINBLOCK":"","SYS.STR.NOTIFY":"","SYS.STR.LASTSCREEN":"","SYS.STR.NEXTSCREEN":"","SYS.STR.LANGUAGE":"","SYS.STR.THEME":"","BOOL.VISIBLE_LANG_4":"True","STR.TEXT_LANG_4":"","BOOL.VISIBLE_LANG_3":"True","STR.TEXT_LANG_3":"","BOOL.VISIBLE_LANG_2":"True","STR.TEXT_LANG_2":"","BOOL.VISIBLE_LANG_1":"True","STR.TEXT_LANG_1":"","STR.EMVAMOUNT":"","STR.TEXT_1":"","BOOL.APP_BUTTON_1":"True","STR.APP_SELECTED":"1","BOOL.VISIBLE_1":"True","BOOL.VISIBLE_2":"True","STR.TEXT_2":"","BOOL.APP_BUTTON_2":"True","BOOL.VISIBLE_3":"True","BOOL.APP_BUTTON_3":"True","STR.TEXT_3":"","STR.TEXT_4":"","BOOL.VISIBLE_4":"True","BOOL.APP_BUTTON_4":"True","STR.TEXT_5":"","STR.TEXT_6":"","STR.TEXT_7":"","STR.TEXT_8":"","STR.TEXT_9":"","STR.TEXT_10":"","STR.TEXT_11":"","STR.TEXT_12":"","BOOL.VISIBLE_5":"True","BOOL.VISIBLE_6":"True","BOOL.VISIBLE_7":"True","BOOL.VISIBLE_8":"True","BOOL.VISIBLE_9":"True","BOOL.VISIBLE_10":"True","BOOL.VISIBLE_11":"True","BOOL.VISIBLE_12":"True","BOOL.APP_BUTTON_5":"True","BOOL.APP_BUTTON_6":"True","BOOL.APP_BUTTON_7":"True","BOOL.APP_BUTTON_8":"True","BOOL.APP_BUTTON_9":"True","BOOL.APP_BUTTON_10":"True","BOOL.APP_BUTTON_11":"True","BOOL.APP_BUTTON_12":"True","STR.TRANSACTION_NAME":"","STR.CARD_HOLDER_NAME":"","STR.ISSUER_NAME":"","STR.PAN":"","STR.EXPIRY_DATE":"","STR.ERROR_MESSAGE":"","STR.ERROR_CODE":"","STR.TRANSACTION_RESULT":"","STR.TOKEN":"","LIST.TRANSACTION_LIST":""}
