{"BOOL.TIMEDOUT":"True","BOOL.EDITBOX":"True","BOOL.BUTTON_SAVE_VISIBLE":"True","STR.SERIAL_HOST_FLOW":"","BOOL.SERIAL_HOST_STOPBITS_2":"False","STR.INFO":"","BOOL.SERIAL_HOST_STOPBITS_1":"False","SYS.STR.PANTOKEN":"","STR.SERIAL_HOST_DATABITS":"","SYS.STR.LASTSCREEN":"","STR.COMMUNICATION":"","BOOL.SERIAL_HOST_PARITY_NONE":"False","STR.UPDATERVERSION":"","STR.TMS_REMOTE_PORT":"","SYS.BOOL.RFLOGOSWITCH":"False","SYS.STR.SIGPOINTS":"","STR.PACKAGENAME":"","SYS.STR.PINBLOCK":"","STR.SERIAL_INFO":"","STR.APPVERSION":"App","BOOL.PXMASTER_USB_FLAG":"False","BOOL.SLAVE_USB_FLAG":"True","STR.COMM_PROTOCOL_FLAG":"","BOOL.COMM_PXRETAILER":"True","BOOL.SERIAL_HOST_BAUD_57600":"False","SYS.STR.NEXTSCREEN":"LaneClosedScreen","SYS.STR.SIGBMP":"","LIST.TRANSACTION_LIST":"","STR.SERIAL_HOST_BAUDRATE":"","BOOL.SERIAL_HOST_FLOW_HARDWARE":"False","BOOL.SERIAL_HOST_FLOW_NONE":"False","SYS.STR.LCDBRIGHTNESS":"","STR.ACTION.MULTIMEDIA":"","STR.TERMINALTYPE":"","BOOL.SLAVE_SERIAL_FLAG":"False","BOOL.SERIAL_HOST_BAUD_38400":"False","BOOL.TIMER":"True","BOOL.SERIAL_HOST_BAUD_115200":"False","STR.ACTION.PINENTRY":"","SYS.STR.NOTIFY":"","BOOL.ETHERNET_SSL_FLAG":"False","STR.PACKAGETYPE":"","STR.ETHERNET_SERVER_IP":"","SYS.STR.TRANSACTION":"","BOOL.PXMASTER_ETH_FLAG":"True","STR.VERIFY_PASSWORD":"","BOOL.SERIAL_HOST_PARITY_EVEN":"False","BOOL.CANCEL":"True","STR.TIME_INFO":"","BOOL.COMM_SCAT":"False","BOOL.MASTER_CONFIG_PORT":"True","BOOL.MASTER_CONFIG_IP":"True","STR.PLATVERSION":"OS","BOOL.SERIAL_HOST_PARITY_ODD":"False","STR.RETRYTIME":"3","BOOL.SERIAL_HOST_BAUD_19200":"False","SYS.STR.THEME":"","BOOL.SERIAL_HOST_DATABITS_4":"False","SYS.STR.MSRTRACK":"","BOOL.SERIAL_HOST_DATABITS_5":"False","BOOL.SERIAL_HOST_DATABITS_6":"False","BOOL.SERIAL_HOST_DATABITS_7":"False","BOOL.SERIAL_HOST_DATABITS_8":"False","STR.SERIAL_HOST_STOPBITS":"","BOOL.MASTER_CONFIG_EXIT":"True","BOOL.ECR_SSL_FLAG":"True","STR.SETUP_PASSWORD":"","BOOL.UDISK_SAVE":"False","STR.ACTION.SIGNATURE":"","BOOL.ENTER":"True","BOOL.PXMASTER_SERIAL_FLAG":"False","SYS.STR.VOLUME":"","STR.NEW_PASSWORD":"","BOOL.SERIAL_HOST_BAUD_9600":"False","BOOL.MASTER_CONFIG_REBOOT":"False","SYS.STR.RFLEDSWITCH":"0000","STR.ACTION.PANENTRY":"","STR.OLD_PASSWORD":"","STR.ETHERNET_SERVER_PORT":"","BOOL.SLAVE_ETHERNET_FLAG":"False","STR.SERIAL_HOST_PARITY":"","SYS.STR.LANGUAGE":"","BOOL.COMM_POSCENTRAL_FLAG":"False","BOOL.MASTER_CONFIG_PREV":"True","BOOL.MASTER_CONFIG_SSL":"True","STR.TMS_REMOTE_IP":"","BOOL.MASTER_CONFIG_SAVE":"True"}