{"font":{"default":"./resource/DroidSans.ttf","DroidSans":"./resource/DroidSans.ttf","default_mono":"./resource/DroidSans.ttf"},"translate":{"PROCESSING...":"PROCESAMIENTO DE...","Please select application":"Por favor, seleccione la aplicación","PLEASE INSERT CARD":"POR FAVOR INSERTE LA TARJETA","PLS TRY AGAIN":"FAVOR INTENTARLO DE NUEVO","1":"1","Please Select The Language:":"Por favor seleccione el idioma:","PLEASE ENTER PIN":"INTRODUCE PIN","Contact EMV":"Contacto EMV","Cancel":"Cancelar","Enter":"Entrar en","APP NOT ACCEPTED":"APLICACIÓN NO ACEPTADA","Contact EMV\n":"Contacto EMV","PIN VERIFY OK":"PIN VERIFICAR OK"}}