{"BOOL.APP_BUTTON_9":"True","BOOL.APP_BUTTON_8":"True","BOOL.APP_BUTTON_7":"True","BOOL.APP_BUTTON_6":"True","BOOL.APP_BUTTON_5":"True","BOOL.APP_BUTTON_4":"True","BOOL.APP_BUTTON_3":"True","SYS.STR.PANTOKEN":"","BOOL.APP_BUTTON_2":"True","BOOL.APP_BUTTON_1":"True","STR.TEXT_2":"","STR.TEXT_1":"","STR.TEXT_4":"","STR.TEXT_3":"","STR.PAN":"","STR.TEXT_LANG_EN":"","STR.TEXT_LANG_4":"","SYS.STR.LASTSCREEN":"","STR.TEXT_LANG_3":"","STR.TEXT_LANG_2":"","STR.TEXT_LANG_ES":"","STR.TEXT_LANG_1":"","STR.EXPIRY_DATE":"","SYS.BOOL.RFLOGOSWITCH":"False","SYS.STR.SIGPOINTS":"","SYS.STR.PINBLOCK":"","STR.EMVAMOUNT":"","STR.ISSUER_NAME":"","BOOL.VISIBLE_10":"True","BOOL.VISIBLE_11":"True","BOOL.VISIBLE_12":"True","STR.TOKEN":"","SYS.STR.NEXTSCREEN":"","SYS.STR.SIGBMP":"","STR.TEXT_11":"","STR.TEXT_7":"","STR.TEXT_10":"","STR.TEXT_8":"","STR.TEXT_5":"","STR.TEXT_12":"","STR.TEXT_6":"","SYS.STR.LCDBRIGHTNESS":"","STR.ACTION.MULTIMEDIA":"","STR.ERROR_CODE":"","STR.TEXT_9":"","STR.TEXT_LANG_FR":"","STR.ACTION.PINENTRY":"","SYS.STR.NOTIFY":"","BOOL.VISIBLE_LANG_FR":"True","STR.SERVICE_MESSAGE":"","SYS.STR.TRANSACTION":"","STR.TEXT_LANG_DE":"","BOOL.VISIBLE_LANG_4":"True","BOOL.VISIBLE_LANG_2":"True","SYS.STR.THEME":"","BOOL.VISIBLE_LANG_3":"True","SYS.STR.MSRTRACK":"","BOOL.VISIBLE_LANG_1":"True","BOOL.VISIBLE_LANG_ES":"True","BOOL.VISIBLE_LANG_EN":"True","STR.ERROR_MESSAGE":"","BOOL.VISIBLE_6":"True","BOOL.VISIBLE_5":"True","BOOL.VISIBLE_8":"True","BOOL.VISIBLE_7":"True","BOOL.VISIBLE_2":"True","STR.ACTION.SIGNATURE":"","BOOL.VISIBLE_1":"True","BOOL.VISIBLE_4":"True","BOOL.VISIBLE_3":"True","STR.TRANSACTION_NAME":"","SYS.STR.VOLUME":"","STR.TRANSACTION_RESULT":"","BOOL.VISIBLE_9":"True","SYS.STR.RFLEDSWITCH":"0000","STR.CARD_HOLDER_NAME":"","STR.ACTION.PANENTRY":"","BOOL.APP_BUTTON_11":"True","BOOL.APP_BUTTON_10":"True","BOOL.VISIBLE_LANG_DE":"True","BOOL.APP_BUTTON_12":"True","SYS.STR.LANGUAGE":"","STR.APP_SELECTED":"1"}