{"SYS.STR.RFLEDSWITCH":"0000","SYS.BOOL.RFLOGOSWITCH":"False","SYS.STR.VOLUME":"","SYS.STR.SIGBMP":"","SYS.STR.SIGPOINTS":"","SYS.STR.MSRTRACK":"","SYS.STR.PINBLOCK":"","SYS.STR.NOTIFY":"","SYS.STR.LASTSCREEN":"","SYS.STR.NEXTSCREEN":"","SYS.STR.LANGUAGE":"","SYS.STR.THEME":"","STR.PACKAGENAME":"PXRetailer version 1.0.0 to take effect","STR.PACKAGETYPE":"The terminal will restart for application package","STR.APPVERSION":"App","STR.TERMINALTYPE":"","STR.PLATVERSION":"OS","STR.SETUP_PASSWORD":"","STR.RETRYTIME":"3","STR.INFO":"","STR.TIME_INFO":"","BOOL.SLAVE_USB_FLAG":"True","BOOL.SLAVE_SERIAL_FLAG":"False","BOOL.SLAVE_ETHERNET_FLAG":"False","BOOL.SERIAL_HOST_BAUD_9600":"False","BOOL.SERIAL_HOST_BAUD_19200":"False","BOOL.SERIAL_HOST_BAUD_38400":"False","BOOL.SERIAL_HOST_BAUD_57600":"False","BOOL.SERIAL_HOST_BAUD_115200":"False","STR.SERIAL_HOST_BAUDRATE":"","BOOL.SERIAL_HOST_DATABITS_8":"False","BOOL.SERIAL_HOST_DATABITS_7":"False","BOOL.SERIAL_HOST_DATABITS_6":"False","BOOL.SERIAL_HOST_DATABITS_5":"False","BOOL.SERIAL_HOST_DATABITS_4":"False","STR.SERIAL_HOST_DATABITS":"","STR.SERIAL_HOST_PARITY":"","BOOL.SERIAL_HOST_PARITY_NONE":"False","BOOL.SERIAL_HOST_PARITY_EVEN":"False","BOOL.SERIAL_HOST_PARITY_ODD":"False","STR.SERIAL_HOST_STOPBITS":"","BOOL.SERIAL_HOST_STOPBITS_1":"False","BOOL.SERIAL_HOST_STOPBITS_2":"False","BOOL.SERIAL_HOST_FLOW_NONE":"False","BOOL.SERIAL_HOST_FLOW_HARDWARE":"False","STR.SERIAL_HOST_FLOW":"","STR.COMM_PROTOCOL_FLAG":"","BOOL.COMM_POSCENTRAL_FLAG":"False","BOOL.COMM_SCAT":"False","BOOL.ETHERNET_SSL_FLAG":"False","STR.TMS_REMOTE_IP":"","STR.TMS_REMOTE_PORT":"","STR.OLD_PASSWORD":"","STR.NEW_PASSWORD":"","STR.VERIFY_PASSWORD":"","BOOL.COMM_PXRETAILER":"True","BOOL.EDITBOX":"True","BOOL.CANCEL":"True","BOOL.ENTER":"True","BOOL.TIMER":"True","BOOL.TIMEDOUT":"True","STR.SERIAL_INFO":"","STR.COMMUNICATION":"","STR.ETHERNET_SERVER_IP":"","STR.ETHERNET_SERVER_PORT":""}