<?xml version="1.0" encoding="UTF-8"?>
<package type="application" name="PXRetailer" version="0.91.0" description="PAX Terminal Software Update Application">
	<application autorun="yes" display_name="PXRetailer" bin="./startapp" />
	<files>
		<file path="conf/certificate/ca-cert.pem" sha256="442e6cb7f0fc5f136dc5d0105b50cbd2dfa36e5ee35cd35a675789c5fb771cc2" />
		<file path="conf/certificate/server-cert.pem" sha256="0fb86d5f8e7fce2907f3bd81120fa5f613e895dd9884402386010e0a26313886" />
		<file path="conf/certificate/server-key.pem" sha256="832e4e42166d41b7f430d564018fa47cc35a2cf6f81af852f4de00535dc72700" />
		<file path="conf/config.ini.template" sha256="2c7ac5269858b2afe553af3211b81f06e236a3174f71798bccd2767476684d11" />
		<file path="conf/language.ini" sha256="7a0a35e7a1984b043a1d17ffb6ec7f02f9257976967c4fa3d8d10658640143f0" />
		<file path="pkg/emv/default/clss_param.xml" sha256="1c5e4ae644b7ccc8b1461f35b3835b62b28c33a50c2b4017c64ce7dc6c82faac" />
		<file path="pkg/emv/default/clss_param.xml.sig" sha256="b9ff8da80ef9665f91863efd40bd69ffcbfe1928c63ad3d46235a02e845304f4" />
		<file path="pkg/emv/default/emvparam.xml" sha256="f38b2154993b97ea4ea9d77c67d31aa4d9a6ac5097a22b0a6089d9dff35ad47b" />
		<file path="pkg/emv/default/emvparam.xml.sig" sha256="2de1854d23e5a430a3f584b2dfbff95d1c82904f1aedf2d0d1d3aa98ebb398a6" />
		<file path="pkg/form/res/ChangePasswordScreen.pb" sha256="e3127f4d19c390f233a1e1c22a48c314820131bdb289d39bc32c360ed862eb15" />
		<file path="pkg/form/res/CommProtocolScreen.pb" sha256="b811c1bba100939e0ce6ae6a44c2e8048dcca946a1a7191d9f78a4a8f1cddb58" />
		<file path="pkg/form/res/ContactEMVforms/ContactEMV.dat" sha256="a094dd38501a100584d848970bb353449c7ee8f2094ca3cc9cd6374fd99242f2" />
		<file path="pkg/form/res/ContactEMVforms/ContactEMV.dat.sig" sha256="fee1c7604ea597e7fb21a991c0feaabdeb3d9b217c0fc8257998e2f1c955517b" />
		<file path="pkg/form/res/ContactEMVforms/EMVAppSelectAgain.pb" sha256="19c18a3c354c04f19c86563f45ceeba0180ae9a3ad7156e8adffa8d3fcce180c" />
		<file path="pkg/form/res/ContactEMVforms/EMVAppSelectAgain.pb.sig" sha256="3f14438c18eb28e37abb98d65da324dfba3b09c48c6adcbc95e52efec7e3f91a" />
		<file path="pkg/form/res/ContactEMVforms/EMVAppSelect.pb" sha256="8b045bb15b217dad879fa636206a91a6784f2f369d813260e8264c1d0c2730a8" />
		<file path="pkg/form/res/ContactEMVforms/EMVAppSelect.pb.sig" sha256="5bbe3d0184239e011c74919d03a36df8dd508f5f2a7aa0e6cbec9cf9d634e67f" />
		<file path="pkg/form/res/ContactEMVforms/EMVInsertCard.pb" sha256="8b7439e9c145f58833ba235f044a45a7167bece676e85f9fa45de3f22515cb00" />
		<file path="pkg/form/res/ContactEMVforms/EMVInsertCard.pb.sig" sha256="4a79b6a2c48338c3e4d41e779c7c436323f6369b8d9f5b1568cd3dc901d6339b" />
		<file path="pkg/form/res/ContactEMVforms/EMVLanguageSelect.pb" sha256="4761de24a4f15e20e26eb3e864fb18408c92a759c514a9d1c4dd21f251bdd7ff" />
		<file path="pkg/form/res/ContactEMVforms/EMVLanguageSelect.pb.sig" sha256="54015b9ba940dc229f60bcb7c341897c923cefe87641fa64bec900316dba61cf" />
		<file path="pkg/form/res/ContactEMVforms/EMVOfflinePINEntryLastTry.pb" sha256="b3ac12c701bf24f12d2adcc5f7021da9fe2d304de5cd08f8e4a9348b400f93b6" />
		<file path="pkg/form/res/ContactEMVforms/EMVOfflinePINEntryLastTry.pb.sig" sha256="99275c234739d425e84acdb47ac6097ecd86d6b3644a2ff51458b3c6ee5230c6" />
		<file path="pkg/form/res/ContactEMVforms/EMVOfflinePINEntry.pb" sha256="8eccdb4582de7f8bcad6497fc0b940d0c11a3e90f6838bf50c2608401e8f24c9" />
		<file path="pkg/form/res/ContactEMVforms/EMVOfflinePINEntry.pb.sig" sha256="704aede3a70374e847bddaecfce73ac0515f4a62c0c4babfb690fb7145ede3d7" />
		<file path="pkg/form/res/ContactEMVforms/EMVOfflinePINEntryRetry.pb" sha256="4e2869250baeb0b69390c8a2be79549303a553fe8d6b6f060bd9486c3408f0cb" />
		<file path="pkg/form/res/ContactEMVforms/EMVOfflinePINEntryRetry.pb.sig" sha256="fdf654f98318b8a9e1aad71fd6c5760b3dd28703ecd36a59f58e679588f2e6f5" />
		<file path="pkg/form/res/ContactEMVforms/EMVOnlinePINEntry.pb" sha256="2decdeb465c38415834f0472b1ca109ffe38af6ffd5d23e9b5f217496bbea6ac" />
		<file path="pkg/form/res/ContactEMVforms/EMVOnlinePINEntry.pb.sig" sha256="fbd8832d7b267d205f216d37ffa1d3fe585aa83d518c42091750279a0ae7861f" />
		<file path="pkg/form/res/ContactEMVforms/EMVOnlinePINOption.pb" sha256="0f5f8a7286fa75b81f40156ee34e331666581a875a3d837da319b951ca3e80a5" />
		<file path="pkg/form/res/ContactEMVforms/EMVOnlinePINOption.pb.sig" sha256="2eb563317d4f4afcdf0c085a03c7e01a08b436d88bdb056a239c8551d4391dca" />
		<file path="pkg/form/res/ContactEMVforms/EMVProcessing.pb" sha256="4d0bfc05834514335a9288e891b83a26eaf40e5f24e8a853ff829905c765016b" />
		<file path="pkg/form/res/ContactEMVforms/EMVProcessing.pb.sig" sha256="584bbb4a02b61186d517f0a0d0e6e7cefa4e7b32639919ea3c97af8f6c1f1b89" />
		<file path="pkg/form/res/ContactEMVforms/EMVRemoveCard.pb" sha256="fa1c503cdcececc033296ef329f66ada75d0754a18173a443aa1b963004d74db" />
		<file path="pkg/form/res/ContactEMVforms/EMVRemoveCard.pb.sig" sha256="88051b9d67615deb302f4e84871a7aa4ec38cedbc8318f505d1fda0fde4a610b" />
		<file path="pkg/form/res/ContactEMVforms/EMVTransactionResult.pb" sha256="84d060f2e84543f973730eb59d3b4ef3f765c1b0b624e6eea09000fc91512bc5" />
		<file path="pkg/form/res/ContactEMVforms/EMVTransactionResult.pb.sig" sha256="1aafd57c54876a129de27163ec7f8f67ad8b067dc3858a91fbb973f844f09fa0" />
		<file path="pkg/form/res/ContactEMVforms/EMVTransanctionResult.pb" sha256="315f7a77ef3840793bb12c80f10a8910cc5ba7c2a369cb62e9e332443168d720" />
		<file path="pkg/form/res/ContactEMVforms/EMVTransanctionResult.pb.sig" sha256="f42956d1d49e7ce6320887e8142d6b61a7c0e1e0bb9ae3bc49510e1c47e26eb3" />
		<file path="pkg/form/res/ContactEMVforms/fireevents.json" sha256="18fffca6ff5fa123f6125918bb209a4076d5a6a6bf6810031d3e3de5f9db041c" />
		<file path="pkg/form/res/ContactEMVforms/fireevents.json.sig" sha256="05a5e464304d09a5b7c5f4afb6f31fa44d99daca23c7533edb03685467df0ba0" />
		<file path="pkg/form/res/ContactEMVforms/language-de.json" sha256="2f248fc760b79e6e4472708426287d196733162785ce5d58e5462ba06673f988" />
		<file path="pkg/form/res/ContactEMVforms/language-de.json.sig" sha256="fe44aac37eeb298b94e4d546c506a2cef1ae99bcb5a97438c75df972adf0e087" />
		<file path="pkg/form/res/ContactEMVforms/language-en.json" sha256="2f248fc760b79e6e4472708426287d196733162785ce5d58e5462ba06673f988" />
		<file path="pkg/form/res/ContactEMVforms/language-en.json.sig" sha256="fe44aac37eeb298b94e4d546c506a2cef1ae99bcb5a97438c75df972adf0e087" />
		<file path="pkg/form/res/ContactEMVforms/language-es.json" sha256="ed85ea5d70772bc1645149eb8cbb41809c54d640bbdd168f9aea51d5c8b06f46" />
		<file path="pkg/form/res/ContactEMVforms/language-es.json.sig" sha256="7fc5516d8e9801350458e0e4af91f278dbe54eacec6a0e0f8475fabfb1a11aa1" />
		<file path="pkg/form/res/ContactEMVforms/language-fr.json" sha256="2f248fc760b79e6e4472708426287d196733162785ce5d58e5462ba06673f988" />
		<file path="pkg/form/res/ContactEMVforms/language-fr.json.sig" sha256="fe44aac37eeb298b94e4d546c506a2cef1ae99bcb5a97438c75df972adf0e087" />
		<file path="pkg/form/res/ContactEMVforms/language.json" sha256="75a80917f6c82b82d042cc5a8a86adffc662ff8bb7d7cee052b416c24b848ce6" />
		<file path="pkg/form/res/ContactEMVforms/language.json.sig" sha256="ccd7607a203fd424553588f8b9843f077b674686a7194cfaf3c443de49eff58a" />
		<file path="pkg/form/res/ContactEMVforms/manifest.xml" sha256="767f2dd56c5bee872bfb03f5636cbca731184a7f87250b9bbd8f4851cb627ba7" />
		<file path="pkg/form/res/ContactEMVforms/resource/button_normal.png" sha256="8585e1b048e59721235f6c50e73806ce3342ad3eca5e81ed52863d88f3e7979d" />
		<file path="pkg/form/res/ContactEMVforms/resource/button_normal.png.sig" sha256="240518e80cf21d53b98b8876b946be4cc7116d965c3689c19d2e45444689c1aa" />
		<file path="pkg/form/res/ContactEMVforms/resource/button_pressed.png" sha256="2ba039e2353c523c12cb2ce00a6f566c297b0ecd3311aa2ff766a90c4179a0f6" />
		<file path="pkg/form/res/ContactEMVforms/resource/button_pressed.png.sig" sha256="52feaa860609d392985113783083ed5110151b5a80a8b2fa1b541229ab1d1056" />
		<file path="pkg/form/res/ContactEMVforms/resource/DroidSans.ttf" sha256="f51b88945f4c1b236f44b8d55a2d304316869127e95248c435c23f1e4142a7db" />
		<file path="pkg/form/res/ContactEMVforms/resource/DroidSans.ttf.sig" sha256="3c4c8c26e1ca89044b4c206f2c3c817c1f134f07d2b1f9fdac6d65b3d3e8743f" />
		<file path="pkg/form/res/ContactEMVforms/variables.json" sha256="5d80d5322f8afcadfccafbed7f47de3c0327753638a71b392ea82025e26b41f3" />
		<file path="pkg/form/res/ContactEMVforms/variables.json.sig" sha256="f789ccb0cc96b46cc237c517c452f88058311dd8d28a38c5bacd171511422d75" />
		<file path="pkg/form/res/ContactlessEMVforms/CLSSReferToDevice.pb" sha256="9fb2d93845dff638eaf95bab84cf3a979ad7d09a9512d09e4692530faa4c6051" />
		<file path="pkg/form/res/ContactlessEMVforms/CLSSReferToDevice.pb.sig" sha256="31562c100aabd11e50e0fcc9e6361b84480026c2164d23126021d78deba908c9" />
		<file path="pkg/form/res/ContactlessEMVforms/CLSSSeePhone.pb" sha256="7a5ffb757f4e3df429ccfbca8250da861372feacc8d1e9d75eaaa461e28f5e8f" />
		<file path="pkg/form/res/ContactlessEMVforms/CLSSSeePhone.pb.sig" sha256="c8eed0e7df4d184c31d3a1aab9468fddfa5f6f87d7eb737c8d7059404ee4b36c" />
		<file path="pkg/form/res/ContactlessEMVforms/CLSSTapCardAgain.pb" sha256="5a6204e98afab13e328ea727eb055296411281b327b34dd16f785e0e225a29b3" />
		<file path="pkg/form/res/ContactlessEMVforms/CLSSTapCardAgain.pb.sig" sha256="0c16181e65f929ec7142f6e7636003c47e618660e8bdf3a1bb3fc914f97b1cbc" />
		<file path="pkg/form/res/ContactlessEMVforms/ContactlessEMV.dat" sha256="301cae81f40f7e7ad111d51e657477a1ae28c08e0e277ad9ba4a37eb0049eba5" />
		<file path="pkg/form/res/ContactlessEMVforms/ContactlessEMV.dat.sig" sha256="13bffc41eb297eb47420dcc9f5402361657e716c5b376679b7983a5a0a1b583b" />
		<file path="pkg/form/res/ContactlessEMVforms/fireevents.json" sha256="68cdc03d2f10149a31c5d9b0f7457949abb773729afdb894460b6cf9f09b6225" />
		<file path="pkg/form/res/ContactlessEMVforms/fireevents.json.sig" sha256="22c2b1ee0bbc2f69519376981d6ecd63aad8b9867ee6c9c2bddfc228ed6fdd4d" />
		<file path="pkg/form/res/ContactlessEMVforms/manifest.xml" sha256="936bec72aaf60754e6c5ac9eb82013605a1863cec46bd9adc105bee398ec8753" />
		<file path="pkg/form/res/ContactlessEMVforms/resource/DroidSans.ttf" sha256="f51b88945f4c1b236f44b8d55a2d304316869127e95248c435c23f1e4142a7db" />
		<file path="pkg/form/res/ContactlessEMVforms/resource/DroidSans.ttf.sig" sha256="3c4c8c26e1ca89044b4c206f2c3c817c1f134f07d2b1f9fdac6d65b3d3e8743f" />
		<file path="pkg/form/res/ContactlessEMVforms/variables.json" sha256="f560629106be44197c4c5505335687b8e41bdc404505a72040cd64b5f29f8961" />
		<file path="pkg/form/res/ContactlessEMVforms/variables.json.sig" sha256="91181aec2180ed3de82e61c128657a9ce3d19dee4f4408dc910438390411910d" />
		<file path="pkg/form/res/demo/ApprovedScreen.pb" sha256="9465f9bd7fe08fd54ee8343eb533a5bc72d1036ef336cbabadfcdd9095e54a4c" />
		<file path="pkg/form/res/demo/ApprovedScreen.pb.sig" sha256="a81b8e78638c114117df093164230d084523696c195eedf9548c28325be14613" />
		<file path="pkg/form/res/demo/appSelect.pb" sha256="c66083967fa1861185dce7edac806aa7cbae5f54ffa49dbaeb0d45eb18e6ce7b" />
		<file path="pkg/form/res/demo/appSelect.pb.sig" sha256="66d083363a72906443175661d0c0993dd03b3ae22ccbff7b9c0d2fdb2526aee9" />
		<file path="pkg/form/res/demo/authSig.pb" sha256="43eb0ec33406096a5d70409a81a827f32712b389af35a7745b706ce0179fdff5" />
		<file path="pkg/form/res/demo/authSig.pb.sig" sha256="16d8e17845d79c645747f0d63b7b68093260974614833e3c251721f76d833a10" />
		<file path="pkg/form/res/demo/CLSSReferToDevice.pb" sha256="f62c287a28df21bb75dca0e1613281d6936eacc765e5d95292117ad73cbed753" />
		<file path="pkg/form/res/demo/CLSSReferToDevice.pb.sig" sha256="fc269ca225fd2e7e03c824979e6317e07892c7a0d8b98d0ecd6943ad495a1610" />
		<file path="pkg/form/res/demo/CLSSSeePhone.pb" sha256="e3e7d81779d8e14dc95d67ff2ca0e4bdf9348cfc2393ea3ee20ff0e8ed6cc794" />
		<file path="pkg/form/res/demo/CLSSSeePhone.pb.sig" sha256="a9fd3d7b26d5ca08aafca37ef1769985717bb267a2fbd9abea81ea53536088c2" />
		<file path="pkg/form/res/demo/CLSSTapCardAgain.pb" sha256="5a6204e98afab13e328ea727eb055296411281b327b34dd16f785e0e225a29b3" />
		<file path="pkg/form/res/demo/CLSSTapCardAgain.pb.sig" sha256="0c16181e65f929ec7142f6e7636003c47e618660e8bdf3a1bb3fc914f97b1cbc" />
		<file path="pkg/form/res/demo/DemoCard1Screen.pb" sha256="d18618a5099ee9780b59e63bf668282e0d6e4caa4ced9a1150a1cb6fc1dfeaab" />
		<file path="pkg/form/res/demo/DemoCard1Screen.pb.sig" sha256="dcdcb744349e08ec0a588cb24f63abc0d27a415374d54bd04c5ff24facd15903" />
		<file path="pkg/form/res/demo/DemoCard2Screen.pb" sha256="3cb2c9c49ba5264ff2c3ec3aec1ae2928e168ed02e5cf944eac112ba0122ec4c" />
		<file path="pkg/form/res/demo/DemoCard2Screen.pb.sig" sha256="0a2a709772f0a2906b1613959e36c29e86adf6b2f6f5db3308b2bc03577c32f2" />
		<file path="pkg/form/res/demo/DemoCard3Screen.pb" sha256="f407fc16a6f287331ba6ec037f6570dfd06e3ce894d2fc39e126f7b4e93592f2" />
		<file path="pkg/form/res/demo/DemoCard3Screen.pb.sig" sha256="ed7cef46d396000fb5cdd0b14e35c5a88924361e657b2cd65f43f18758d99798" />
		<file path="pkg/form/res/demo/EMVAppSelectAgain.pb" sha256="19c18a3c354c04f19c86563f45ceeba0180ae9a3ad7156e8adffa8d3fcce180c" />
		<file path="pkg/form/res/demo/EMVAppSelectAgain.pb.sig" sha256="3f14438c18eb28e37abb98d65da324dfba3b09c48c6adcbc95e52efec7e3f91a" />
		<file path="pkg/form/res/demo/EMVAppSelect.pb" sha256="8b045bb15b217dad879fa636206a91a6784f2f369d813260e8264c1d0c2730a8" />
		<file path="pkg/form/res/demo/EMVAppSelect.pb.sig" sha256="5bbe3d0184239e011c74919d03a36df8dd508f5f2a7aa0e6cbec9cf9d634e67f" />
		<file path="pkg/form/res/demo/EMVInsertCard.pb" sha256="8b7439e9c145f58833ba235f044a45a7167bece676e85f9fa45de3f22515cb00" />
		<file path="pkg/form/res/demo/EMVInsertCard.pb.sig" sha256="4a79b6a2c48338c3e4d41e779c7c436323f6369b8d9f5b1568cd3dc901d6339b" />
		<file path="pkg/form/res/demo/EMVLanguageSelect.pb" sha256="4761de24a4f15e20e26eb3e864fb18408c92a759c514a9d1c4dd21f251bdd7ff" />
		<file path="pkg/form/res/demo/EMVLanguageSelect.pb.sig" sha256="54015b9ba940dc229f60bcb7c341897c923cefe87641fa64bec900316dba61cf" />
		<file path="pkg/form/res/demo/EMVOfflinePINEntryLastTry.pb" sha256="b3ac12c701bf24f12d2adcc5f7021da9fe2d304de5cd08f8e4a9348b400f93b6" />
		<file path="pkg/form/res/demo/EMVOfflinePINEntryLastTry.pb.sig" sha256="99275c234739d425e84acdb47ac6097ecd86d6b3644a2ff51458b3c6ee5230c6" />
		<file path="pkg/form/res/demo/EMVOfflinePINEntry.pb" sha256="8eccdb4582de7f8bcad6497fc0b940d0c11a3e90f6838bf50c2608401e8f24c9" />
		<file path="pkg/form/res/demo/EMVOfflinePINEntry.pb.sig" sha256="704aede3a70374e847bddaecfce73ac0515f4a62c0c4babfb690fb7145ede3d7" />
		<file path="pkg/form/res/demo/EMVOfflinePINEntryRetry.pb" sha256="4e2869250baeb0b69390c8a2be79549303a553fe8d6b6f060bd9486c3408f0cb" />
		<file path="pkg/form/res/demo/EMVOfflinePINEntryRetry.pb.sig" sha256="fdf654f98318b8a9e1aad71fd6c5760b3dd28703ecd36a59f58e679588f2e6f5" />
		<file path="pkg/form/res/demo/EMVOnlinePINEntry.pb" sha256="2decdeb465c38415834f0472b1ca109ffe38af6ffd5d23e9b5f217496bbea6ac" />
		<file path="pkg/form/res/demo/EMVOnlinePINEntry.pb.sig" sha256="fbd8832d7b267d205f216d37ffa1d3fe585aa83d518c42091750279a0ae7861f" />
		<file path="pkg/form/res/demo/EMVOnlinePINOption.pb" sha256="0f5f8a7286fa75b81f40156ee34e331666581a875a3d837da319b951ca3e80a5" />
		<file path="pkg/form/res/demo/EMVOnlinePINOption.pb.sig" sha256="2eb563317d4f4afcdf0c085a03c7e01a08b436d88bdb056a239c8551d4391dca" />
		<file path="pkg/form/res/demo/emvparam.xml" sha256="f38b2154993b97ea4ea9d77c67d31aa4d9a6ac5097a22b0a6089d9dff35ad47b" />
		<file path="pkg/form/res/demo/emvparam.xml.sig" sha256="2de1854d23e5a430a3f584b2dfbff95d1c82904f1aedf2d0d1d3aa98ebb398a6" />
		<file path="pkg/form/res/demo/EMVProcessing.pb" sha256="4d0bfc05834514335a9288e891b83a26eaf40e5f24e8a853ff829905c765016b" />
		<file path="pkg/form/res/demo/EMVProcessing.pb.sig" sha256="584bbb4a02b61186d517f0a0d0e6e7cefa4e7b32639919ea3c97af8f6c1f1b89" />
		<file path="pkg/form/res/demo/EMVRemoveCard.pb" sha256="7422fe7fd3d01683e2d2c711f85353d39d58750bda9f4691e81b6b214f249452" />
		<file path="pkg/form/res/demo/EMVRemoveCard.pb.sig" sha256="1b8459fd19c06b505cb1eb8d8883099705030e8f26f239a84dc10b50a0e44e37" />
		<file path="pkg/form/res/demo/EMVSignature.pb" sha256="9868dae0fc913786aec012f4a723f4b84b9ae722ec02ced572783260639d2a8d" />
		<file path="pkg/form/res/demo/EMVSignature.pb.sig" sha256="0aa41cd9bc23224c63efb55904abfd7cd713ae5a8b11b0f4eca7c5ffaa414037" />
		<file path="pkg/form/res/demo/EMVTransactionResult.pb" sha256="ce96f86aa2a6aec1ee7b6d5d79a9f9014daed49c40f51a22a8ca6547baa344e4" />
		<file path="pkg/form/res/demo/EMVTransanctionResult.pb" sha256="315f7a77ef3840793bb12c80f10a8910cc5ba7c2a369cb62e9e332443168d720" />
		<file path="pkg/form/res/demo/EMVTransanctionResult.pb.sig" sha256="f42956d1d49e7ce6320887e8142d6b61a7c0e1e0bb9ae3bc49510e1c47e26eb3" />
		<file path="pkg/form/res/demo/fireevents.json" sha256="dce493796f32b1f0089d36c31d14ee67fe9dc837be831bed9bbc0c82a7f1661e" />
		<file path="pkg/form/res/demo/fireevents.json.sig" sha256="f590592900b3c9607416161ca533e45eb34dec10a5520e885aad61d844a1c185" />
		<file path="pkg/form/res/demo/language-en.json" sha256="ed34b8d7d550d5eedfd4aaa62d11b2daea1db5c71831fd5caf70433aef170d7f" />
		<file path="pkg/form/res/demo/language-en.json.sig" sha256="027a5aaa9ba3bb0dfebfd3f373c328ed8617944dc273a504ea31dc353982ea9e" />
		<file path="pkg/form/res/demo/language-es.json" sha256="6b16108e595c4cefbc9e5d12a892daf17760c024ab2bbd72406e9db1a550f019" />
		<file path="pkg/form/res/demo/language-es.json.sig" sha256="ff712286f7f6f51624989861f37bbb80dc23469eb177f4b21a3400e7c88e4fe1" />
		<file path="pkg/form/res/demo/manifest.xml" sha256="a08c661964d74feea60bcd4fdc6895f60c470df97e918d8dea131d75d2ece1a8" />
		<file path="pkg/form/res/demo/menu.pb" sha256="f1a4d3b934f9ec638768da36448c2590e7a396b21563fb43ea7262c7991afb10" />
		<file path="pkg/form/res/demo/menu.pb.sig" sha256="d6db8802752aaed24bd55bd861d3612d86ba38804fc1db5eef7829a103e04cc8" />
		<file path="pkg/form/res/demo/resource/button_normal.png" sha256="8585e1b048e59721235f6c50e73806ce3342ad3eca5e81ed52863d88f3e7979d" />
		<file path="pkg/form/res/demo/resource/button_normal.png.sig" sha256="240518e80cf21d53b98b8876b946be4cc7116d965c3689c19d2e45444689c1aa" />
		<file path="pkg/form/res/demo/resource/button_pressed.png" sha256="2ba039e2353c523c12cb2ce00a6f566c297b0ecd3311aa2ff766a90c4179a0f6" />
		<file path="pkg/form/res/demo/resource/button_pressed.png.sig" sha256="52feaa860609d392985113783083ed5110151b5a80a8b2fa1b541229ab1d1056" />
		<file path="pkg/form/res/demo/resource/DroidSans.ttf" sha256="f51b88945f4c1b236f44b8d55a2d304316869127e95248c435c23f1e4142a7db" />
		<file path="pkg/form/res/demo/resource/DroidSans.ttf.sig" sha256="3c4c8c26e1ca89044b4c206f2c3c817c1f134f07d2b1f9fdac6d65b3d3e8743f" />
		<file path="pkg/form/res/demo/resource/menu_normal_1.png" sha256="c47f216609c7c58ed0ec08bb1ba17ec8a5b811f904f9b285b8d4939f5c13a79f" />
		<file path="pkg/form/res/demo/resource/menu_normal_1.png.sig" sha256="9a647fd589efac2f5be139b50f455900a40005d2ea683761d540eb45d2b423c6" />
		<file path="pkg/form/res/demo/resource/menu_normal_2.png" sha256="057d4fbe2cc4ffc22b147e2c32b395968a491d9f58a0c0989fc8fbb67ae3d94e" />
		<file path="pkg/form/res/demo/resource/menu_normal_2.png.sig" sha256="8779fa58d684684bb8601d35cd3ddd959252216545b8d655b8619f1655241190" />
		<file path="pkg/form/res/demo/resource/menu_pressed.png" sha256="9fba46481d2ef6424f3ed67021757a8b58ae3c4b16cff33344597bcdfba38c37" />
		<file path="pkg/form/res/demo/resource/menu_pressed.png.sig" sha256="a0bef40c8e8d4c904eb7a68646cda514094e4ea57ec4f996bc3935b6b01d9824" />
		<file path="pkg/form/res/demo/resource/tap_normal.png" sha256="1f1424f213fac4d04df6ae2931ad507494275b925cb1d5a03e348fe22124235a" />
		<file path="pkg/form/res/demo/resource/tap_normal.png.sig" sha256="131f90fbda498df0d1a93c534c99ab133aa469378d8678a78808927efa2e2110" />
		<file path="pkg/form/res/demo/swipe.pb" sha256="9cff345c3b21081b43916fbbaecad285a24ce9e8e1bc497284c1e45b3c938e3a" />
		<file path="pkg/form/res/demo/swipe.pb.sig" sha256="89866e7ccd7bc2c011d1df866af375bcb70714e93ba6313342c7832d593fe79c" />
		<file path="pkg/form/res/demo/variables.json" sha256="79612c17689b569cb3079f82ef4ada605410989aee64758b327babe923e14257" />
		<file path="pkg/form/res/demo/variables.json.sig" sha256="0ec6ed1f7df1f9080e4b70f75680d10649a7f565481f3a952e021e62b3a1fd2e" />
		<file path="pkg/form/res/EnterPasswordScreen.pb" sha256="d16161bca230e2c8bbf04492acc2d093600daa6ec68b3ab99d421efa3c24590b" />
		<file path="pkg/form/res/EthernetConfigScreen.pb" sha256="413f1e278cc6fe6135648f943bc3a15f831a142ef5c671112873088905f9f19a" />
		<file path="pkg/form/res/fireevents.json" sha256="6abc79a43bc329813bfda889c4da05959c85fa2f5362984867ca7ed858cf1bc8" />
		<file path="pkg/form/res/HostConfigurationMethodScreen.pb" sha256="dde00af1e7e50c1c60119069f38cee8a0c20ff7da6a079a4851b7985a154c5b8" />
		<file path="pkg/form/res/LaneClosedScreen.pb" sha256="2df45c3e104e6c33eff2bdbccffeacf14f758a0f91bf5782f61e943f77ea1444" />
		<file path="pkg/form/res/manifest.xml" sha256="5786d7b90bae1cb05aa0fb571f25f5e902f3348dc70a196092d9a08152f14d69" />
		<file path="pkg/form/res/PXMasterConfigScreen.pb" sha256="76e19ab6e549b5dea89c997c9b1f314ff82dd8e0af917a26d6b263dd8b553eda" />
		<file path="pkg/form/res/PXRetailer.dat" sha256="5ab60034c6eb7f513d2d3ee3c64ff88426cf756c262bf3cca891341fd65021cd" />
		<file path="pkg/form/res/resource/button_normal.png" sha256="8585e1b048e59721235f6c50e73806ce3342ad3eca5e81ed52863d88f3e7979d" />
		<file path="pkg/form/res/resource/button_normal.png.sig" sha256="240518e80cf21d53b98b8876b946be4cc7116d965c3689c19d2e45444689c1aa" />
		<file path="pkg/form/res/resource/button_pressed.png" sha256="2ba039e2353c523c12cb2ce00a6f566c297b0ecd3311aa2ff766a90c4179a0f6" />
		<file path="pkg/form/res/resource/button_pressed.png.sig" sha256="52feaa860609d392985113783083ed5110151b5a80a8b2fa1b541229ab1d1056" />
		<file path="pkg/form/res/resource/DroidSans.ttf" sha256="f51b88945f4c1b236f44b8d55a2d304316869127e95248c435c23f1e4142a7db" />
		<file path="pkg/form/res/resource/DroidSans.ttf.sig" sha256="3c4c8c26e1ca89044b4c206f2c3c817c1f134f07d2b1f9fdac6d65b3d3e8743f" />
		<file path="pkg/form/res/resource/menu_normal_1.png" sha256="c47f216609c7c58ed0ec08bb1ba17ec8a5b811f904f9b285b8d4939f5c13a79f" />
		<file path="pkg/form/res/resource/menu_normal_1.png.sig" sha256="9a647fd589efac2f5be139b50f455900a40005d2ea683761d540eb45d2b423c6" />
		<file path="pkg/form/res/resource/menu_normal_2.png" sha256="057d4fbe2cc4ffc22b147e2c32b395968a491d9f58a0c0989fc8fbb67ae3d94e" />
		<file path="pkg/form/res/resource/menu_normal_2.png.sig" sha256="8779fa58d684684bb8601d35cd3ddd959252216545b8d655b8619f1655241190" />
		<file path="pkg/form/res/resource/menu_pressed.png" sha256="9fba46481d2ef6424f3ed67021757a8b58ae3c4b16cff33344597bcdfba38c37" />
		<file path="pkg/form/res/resource/menu_pressed.png.sig" sha256="a0bef40c8e8d4c904eb7a68646cda514094e4ea57ec4f996bc3935b6b01d9824" />
		<file path="pkg/form/res/resource/tap_normal.png" sha256="1f1424f213fac4d04df6ae2931ad507494275b925cb1d5a03e348fe22124235a" />
		<file path="pkg/form/res/resource/tap_normal.png.sig" sha256="131f90fbda498df0d1a93c534c99ab133aa469378d8678a78808927efa2e2110" />
		<file path="pkg/form/res/SerialBaudrateScreen.pb" sha256="f7dd5ce1534daa4f973ff7b9bcb3497a705671b380d43334a867e583ab4b9ecc" />
		<file path="pkg/form/res/SerialConfigScreen.pb" sha256="a3eb3713302e628db427a07e5f3cf412b4a3bda8ef2e9385e5b099254aedf00f" />
		<file path="pkg/form/res/SetupMenuScreen.pb" sha256="778d4c0f5439df1574f2679937141250a49cd3050ccdf4b3b21645e8551120d4" />
		<file path="pkg/form/res/SplashScreen.pb" sha256="e0a530b9e8ba6e0593ee50b181f9e17423c3a1c5a89db7eaa22bb0a36183507f" />
		<file path="pkg/form/res/UDiskScreen.pb" sha256="5ad7457bf20fddf068f712ca91eee6a3ac0e0d82c572e1976286fab08ab416a4" />
		<file path="pkg/form/res/variables.json" sha256="677a516bea7e7b72e051bdcaffe15a16c1240c13fb6af42743db57f62d2392c4" />
		<file path="PXRetailer" sha256="949e89dd012d8917a2c878b83bb724fe8bfd8813c4ee163cbd8a98c09274a350" />
		<file path="startapp" sha256="5dc22154d41f60bc4b3c3b765d87fed5a84431ca1d5f6737650b8ccdba2e33a1" />
	</files>
</package>
